actorid;name;date_of_birth;birth_city;birth_country;height_inches;biography;gender;ethnicity;networth
2169;Aaron Eckhart;1968-03-12;Cupertino;USA;61;Aaron Eckhart was born on March 12, 1968 in Cupertino, California, USA as Aaron Edward Eckhart. He is an actor and producer, known for The Dark Knight (2008), Thank You for Smoking (2005) and In the Company of Men (1997).;Male;White;16000000
1909;Aaron Michael Drozin;1998-05-30;California;USA;;Aaron Michael Drozin was born on May 30, 1998 in California, USA. He is an actor, known for Fun with Dick and Jane (2005), The Nutcracker in 3D (2010) and The Ant Bully (2006).;Male;White;15000000
2575;Aaron Taylor-Johnson;1990-06-13;High Wycombe;UK;61;Aaron Taylor-Johnson is an English stage, television, and film actor. He was born Aaron Perry Johnson in High Wycombe, Buckinghamshire, to Sarah and Robert Johnson, a civil engineer. He has a sister, Gemma Johnson, who had a small role in his movie Tom Thomas (2002). Aaron is of English-Russian Jewish descent. He began performing at age six, ...;Male;White;16000000
2204;Aasif Mandvi;1966-03-05;Bombay;India;68;Aasif Mandvi was born on March 5, 1966 in Bombay, Maharashtra, India as Aasif Mandviwala. He is an actor and producer, known for Million Dollar Arm (2014), Evil (2019) and The Proposal (2009). He has been married to Shaifali Puri since August 26, 2017.;Male;Indian;3000000
5;Abe Vigoda;1921-02-24;Brooklyn;USA;73;Abraham Charles Vigoda was an American actor known for his portrayals of Salvatore Tessio in The Godfather and Phil Fish in both Barney Miller and Fish.;Male;White;10000000
1618;Abigail Breslin;1996-04-14;New York City;USA;61;Academy Award-nominated actress Abigail Breslin is one of the most sought-after actors of her generation. Her unique and charismatic talents have contributed to her versatile roles in both comedy and drama. Recently, Breslin headlined the first season of the horror-comedy series, Scream Queens (2015), opposite Emma Roberts, Lea Michele and Jamie ...;Female;White;8000000
1062;Abraham Benrubi;1969-10-04;Indianapolis;USA;79;Abraham Benrubi was born on October 4, 1969 in Indianapolis, Indiana, USA as Abraham Rubin Hercules Benrubi. He is an actor, known for ER (1994), Parker Lewis Cant Lose (1990) and The Program (1993).;Male;White;12000000
1874;Adam Arkin;1956-08-19;Brooklyn;USA;73;Adam Arkin was born on August 19, 1956 in Brooklyn, New York City, New York, USA. He is an actor and director, known for Halloween H20: 20 Years Later (1998), Northern Exposure (1990) and Chicago Hope (1994). He has been married to Michelle Dunker since September 2, 2017. He was previously married to Phyllis Lyons and Linda Sublette.;Male;White;10000000
2187;Adam Ferrara;1966-02-02;Queens;USA;61;Adam Ferrara is a stand-up comedian and actor who proudly played Chief Needles Nelson on the Emmy nominated FX drama series Rescue Me (2004) with Denis Leary and Frank Verelli on Showtimes hit series Nurse Jackie (2009) opposite Emmy Award winner Edie Falco. Ferrara has also costarred alongside Kevin James in the hit movie Paul Blart: Mall Cop (...;Male;White;2000000
1185;Adam Goldberg;1970-10-25;Santa Monica;USA;61;An actor with a talent for mining the neuroses of his characters for both comedic and dramatic effect and a filmmaker adept at exploring the philosophical questions at the heart of the human experience, Adam Goldberg has solidified his position as a versatile and unique talent. Goldberg was born in Santa Monica, California, to Donna (Goebel) and ...;Male;White;6000000
878;Adam Hann-Byrd;1982-02-23;New York City;USA;70;Adam Hann-Byrd was born on February 23, 1982 in New York City, New York, USA. He is an actor and writer, best known for his work on Jumanji (1995), The Ice Storm (1997), Halloween H20: 20 Years Later (1998), and as the title character in Jodie Fosters directorial debut, Little Man Tate (1991).;Male;White;3000000
1129;Adam Sandler;1966-09-09;Brooklyn;USA;69;Adam Richard Sandler was born September 9, 1966 in Brooklyn, New York, to Judith (Levine), a teacher at a nursery school, and Stanley Alan Sandler, an electrical engineer. He is of Russian Jewish descent. At 17, he took his first step towards becoming a stand-up comedian when he spontaneously took the stage at a Boston comedy club. He found he was...;Male;White;420000000
2489;Adelaide Clemens;1989-11-30;Brisbane;Australia;69;Born and raised in Brisbane, Australia. Daughter of a British father. Clemens began working as an actress on Australian television while in high school. She guest-starred in a 2006 episode of Blue Water High as Juliet, and in 2007, she starred in the childrens series Pirate Islands: The Lost Treasure of Fiji as Alison. Clemens played Harper in ...;Female;White;4000000
820;Adewale Akinnuoye-Agbaje;1967-08-22;Islington;UK;74;Born and raised in London, England, Adewale Akinnuoye-Agbaje began his career as a model in Milan. He graduated with a masters degree in Law from Londons prestigious Kings College, before moving to Los Angeles to make the transition to acting. Fluent in several languages, including English, Italian, Yoruba and Swahili, he is best known for his ...;Male;African-American;3000000
1844;Adoni Maropis;1963-07-20;Pittsburgh;USA;69;Adoni has been blessed with the opportunity to play many diverse and memorable acting roles, such as: the lead villain, Fayed, in Season 6 of the Fox critically acclaimed hit series 24 (2001) with Kiefer Sutherland, the flamboyant evil sorcerer, Quan Chi, in the TV show Mortal Kombat: Conquest (1998), the regal falcon-man, Sakr, in the feature ...;Male;Greek;1700000
433;Adrian Dunbar;1958-08-01;Enniskillen;UK;61;Adrian Dunbar was born on August 1, 1958 in Enniskillen, Co. Fermanagh, Northern Ireland. He is an actor, known for The Crying Game (1992), Hear My Song (1991) and Line of Duty (2012). He has been married to Anna Nygh since 1986. They have one child.;Male;White;20000000
1951;Adrian Grenier;1976-07-10;Santa Fe;USA;61;Adrian Grenier was born on July 10, 1976 in Santa Fe, New Mexico, USA as Adrian Sean Grenier. He is an actor and producer, known for Entourage (2004), The Devil Wears Prada (2006) and Entourage (2015).;Male;White;12000000
1821;Adrian Rawlins;1958-03-27;Stoke-on-Trent;UK;69;Adrian Rawlins was born on March 27, 1958 in Stoke-on-Trent, Staffordshire, England. He is an actor, known for Harry Potter and the Deathly Hallows: Part 2 (2011), Harry Potter and the Goblet of Fire (2005) and Wilbur Wants to Kill Himself (2002).;Male;White;5000000
1809;Adrian Ricard;1924-08-07;New York City;USA;;Adrian Ricard was born on August 7, 1924 in the USA. She was an actress, known for I, Robot (2004), Bulworth (1998) and Simon Simon (1981). She died on December 29, 2016.;Female;White;5000000
2263;Adrian Scarborough;1968-05-10;Melton Mowbray;UK;64;Adrian Scarborough was born on May 10, 1968 in Melton Mowbray, Leicestershire, England as Adrian Philip Scarborough. He is an actor, known for Gosford Park (2001), Dirty Pretty Things (2002) and The History Boys (2006). He is married to Rose Blackshaw. They have two children.;Male;White;5000000
2193;Adriane Lenox;1956-09-11;Memphis;USA;65;Adriane Lenox was born on September 11, 1956 in Memphis, Tennessee, USA. She is an actress, known for Black Snake Moan (2006), Red Lights (2012) and The Blind Side (2009).;Female;African-American;19000000
1779;Adrien Brody;1973-04-14;Woodhaven;USA;73;Adrien Nicholas Brody was born in Woodhaven, Queens, New York, the only child of retired history professor Elliot Brody and Hungarian-born photographer Sylvia Plachy. He accompanied his mother on assignments for the Village Voice, and credits her with making him feel comfortable in front of the camera. Adrien attended the American Academy of ...;Male;White;10000000
2401;Aedin Mincks;2000-10-10;Georgia;USA;69;"The youngest of three children, Aedin was born in Georgia, October 10, 2000. Aedin got his start in acting at the age of 6, with a slew of commercial jobs including Orbit Gum, Verizon and Capital One as the Visigoth kid ""Garth Jr."", but quickly moved on to television and film thanks to his charming and fearless presence and no mess, no fuss ...";Male;White;5000000
246;Aeryk Egan;1978-08-15;New York City;USA;;Aeryk Egan is an actor, known for Flatliners (1990), Brooklyn Bridge (1991) and The Cure (1995).;Male;White;1200000
1326;Ahmed Best;1973-08-19;New York City;USA;73;Ahmed Best was born on August 19, 1973 in New York City, New York, USA. He is an actor and producer, known for Star Wars: Episode I - The Phantom Menace (1999), Star Wars: Episode II - Attack of the Clones (2002) and Star Wars: Episode III - Revenge of the Sith (2005).;Male;African-American;3000000
2334;Ahna OReilly;1984-09-21;Palo Alto;USA;65;Ahna OReilly was born on September 21, 1984 in Palo Alto, California, USA. She is an actress, known for The Help (2011), Forgetting Sarah Marshall (2008) and Fruitvale Station (2013).;Female;White;3000000
2109;Ahney Her;1992-07-13;Lansing;USA;63;Ahney Her was born in Lansing, Michigan, USA as Whitney Cua Her. She is an actress, known for Gran Torino (2008), Batman v Superman: Dawn of Justice (2016) and Night Club (2011).;Female;Asian;500000
723;Aidan Quinn;1959-03-08;Chicago;USA;72;Aidan Quinn was born on March 8, 1959 in Chicago, Illinois, USA as Aidan T. Quinn. He is an actor, known for Practical Magic (1998), Benny Joon (1993) and Flipped (2010). He has been married to Elizabeth Bracco since September 1, 1987. They have two children.;Male;White;12000000
1768;Al Gore;1948-03-31;Washington;USA;73;Al Gore was born on March 31, 1948 in Washington, District of Columbia, USA as Albert Arnold Gore Jr. He is an actor, known for An Inconvenient Truth (2006), An Inconvenient Sequel: Truth to Power (2017) and Futurama: Benders Big Score (2007). He has been married to Tipper Gore since May 19, 1970. They have four children.;Male;White;300000000
274;Al Pacino;1940-04-25;Manhattan;USA;67;"Alfredo James ""Al"" Pacino established himself as a film actor during one of cinemas most vibrant decades, the 1970s, and has become an enduring and iconic figure in the world of American movies. He was born April 25, 1940 in Manhattan, New York City, to Italian-American parents, Rose (nee Gerardi) and Sal Pacino. They divorced when he was young. ...";Male;White;120000000
2234;Alain Chabat;1958-11-24;Oran;France;69;Born in Oran, French Algeria in 1958, Alain Chabat moved with his family to Massy, a suburb of Paris, as the Algeria War came to an end in 1963 . in 1987 he started a comedy sketch group for television called Les Nuls which developed a cult following.His acting career led to four Cesar awards for films and a gig dubbing the character of Shrek for ...;Male;Algerian;94000000
1393;Alan Alda;1936-01-28;Manhattan;USA;74;Alan Alda was born on January 28, 1936 in Manhattan, New York City, New York, USA as Alphonso Joseph DAbruzzo. He is known for his work on M*A*S*H (1972), The Four Seasons (1981) and Crimes and Misdemeanors (1989). He has been married to Arlene Alda since March 15, 1957. They have three children.;Male;White;40000000
2138;Alan Arkin;1934-03-26;Brooklyn;USA;69;Alan Arkin is an Academy Award-winning American actor who is also an acclaimed director, producer, author, singer and composer. He was born Alan Wolf Arkin on March 26, 1934, in Brooklyn, New York. His family were Jewish emigrants from Russia and Germany. In 1946, the Arkins moved from Brooklyn to Los Angeles, California. His father, David I. Arkin...;Male;White;15000000
1468;Alan Cumming;1965-01-27;Aberfeldy;UK;61;Alan Cumming was born on January 27, 1965, in Aberfeldy, Scotland, to Mary (Darling), an insurance company secretary, and Alex Cumming. His family lived nearby in Dunkeld, where his father was a forester for Atholl Estate. The family (including his brother, Tom) moved to Fassfern near Fort William, before moving to the east coast of Scotland in ...;Male;White;5000000
1524;Alan Howard;1937-08-05;London;UK;72;Alan Howard was born on August 5, 1937 in London, England as Alan Mackenzie Howard. He was an actor, known for The Lord of the Rings: The Fellowship of the Ring (2001), The Cook, the Thief, His Wife Her Lover (1989) and A Perfect Spy (1987). He was married to Sally Beauman and Stephanie Hinchcliffe Davies. He died on February 14, 2015 in ...;Male;White;36000000
1515;Alan King;1927-12-26;New York City;USA;61;Alan King was born on December 26, 1927 in New York City, New York, USA as Irwin Alan Kniberg. He was an actor and producer, known for Casino (1995), Rush Hour 2 (2001) and Cats Eye (1985). He was married to Jeanette Sprung. He died on May 9, 2004 in Manhattan, New York City.;Male;White;10000000
405;Alan Rickman;1946-02-21;Hammersmith;UK;73;Alan Rickman was born on a council estate in Acton, West London, to Margaret Doreen Rose (Bartlett), of English and Welsh descent, and Bernard Rickman, of Irish descent, who worked at a factory. Alan Rickman had an older brother (David), a younger brother (Michael), and a younger sister (Sheila). When Alan was 8 years old, his father died. He ...;Male;White;16000000
2569;Alan Ritchson;1984-11-28;Grand Forks;USA;74;Alan Ritchson has carved a space for himself on both the large and small screens since he made the trek from a small town in Florida to Los Angeles. Alan Michael Ritchson was born in Grand Forks, North Dakota, to Vickie (Harrell), a high school teacher, and David Ritchson, a U.S. Air Force Chief Master Sergeant. He is of Czech, English, and German ...;Male;White;3000000
718;Alan Ruck;1956-07-01;Cleveland;USA;61;Alan Ruck was born on July 1, 1956 in Cleveland, Ohio, and has made over 100 appearances in films and television, and on stage. He is best known for his role as the friend of Matthew Broderick and hopeless hypochondriac Cameron Frye, in John Hughess Ferris Buellers Day Off (1986). During the 1980s he appeared in films such as Class (1983) with ...;Male;White;10000000
884;Alan Tall;1945-05-12;;;;Alan Tall is an actor, known for Braveheart (1995), Gunfight at the Joe Kaye Corral (1983) and The Gift (1991).;Male;White;
1593;Alan Tudyk;1971-03-16;El Paso;USA;61;Alan Tudyk was born in El Paso, Texas, and grew up in Plano, where he attended Plano Sr. High. In 1990, he went on to study drama at Lon Morris Jr. College. While there, he was awarded the Academic Excellence Award for Drama. He was also named Most Likely to Succeed and Sophomore Beau. During this time, Alan was also an active member of the Delta ...;Male;White;2000000
1715;Albert Brooks;1947-07-22;Beverly Hills;USA;61;Albert Brooks was born on July 22, 1947 in Beverly Hills, California, USA as Albert Lawrence Einstein. He is an actor and writer, known for Drive (2011), Broadcast News (1987) and Defending Your Life (1991). He has been married to Kimberly Shlain since March 15, 1997. They have two children.;Male;Jewish;30000000
1383;Albert Finney;1936-05-09;Salford;UK;69;The son of a Lancashire bookmaker, Albert Finney came to motion pictures via the theatre. In 1956, he won a scholarship to RADA where his fellow alumni included Peter OToole and Alan Bates. He joined the Birmingham Repertory where he excelled in plays by William Shakespeare. A member of the Royal Shakespeare Company, Finney understudied Laurence ...;Male;English;10000000
247;Alec Baldwin;1958-04-03;Massapequa;USA;61;Alec Baldwin is the oldest, and best-known, of the four Baldwin brothers in the acting business (the others are Stephen Baldwin, William Baldwin and Daniel Baldwin). Alexander Rae Baldwin III was born on April 3, 1958 in Massapequa, New York, the son of Carol Newcomb (nee Martineau) Baldwin and Alexander Rae Baldwin Jr., a high school teacher and ...;Male;White;60000000
1080;Alessandro Nivola;1972-06-28;Boston;USA;69;Alessandro Nivola was born on June 28, 1972 in Boston, Massachusetts, USA as Alessandro Antine Nivola. He is an actor and producer, known for Face/Off (1997), Jurassic Park III (2001) and American Hustle (2013). He has been married to Emily Mortimer since January 3, 2003. They have two children.;Male;Italian;3000000
197;Alex Bruhanski;1935-10-18;San Antonio;USA;;Alex Bruhanski is an actor, known for Bird on a Wire (1990), Look Whos Talking Too (1990) and The Possession (2012).;Male;White;700000
1330;Alex D. Linz;1989-01-03;Santa Barbara;USA;68;Alex D. Linz was born on January 3, 1989 in Santa Barbara, California, USA as Alexander David Linz. He is an actor, known for Home Alone 3 (1997), One Fine Day (1996) and Tarzan (1999).;Male;German;400000
170;Alex Hyde-White;1959-01-30;London;UK;71;London born, raised in SoCal in Palm Springs. PSHS Alum lettered in baseball, tennis and golf. Attended Georgetown University in Washington, DC for a year when he was 16. Became contract player at Universal Studios, as part of the last group to be under the long-term Hollywood contract. Played Broadway when he was 23. Starred in first film at the ...;Male;White;5000000
1076;Alex McArthur;1957-03-06;Telford;USA;73;Alex McArthur was born on March 6, 1957 in Telford, Pennsylvania, USA. He is an actor and cinematographer, known for Kiss the Girls (1997), Desert Hearts (1985) and Conspiracy Theory (1997).;Male;White;1500000
2294;Alexa Davalos;1982-05-28;Paris;France;68;Alexa Davalos was born in Paris, France, to American parents, Jeff Dunas, a photographer, and Elyssa Davalos, an actress. Her fathers family were Jewish immigrants (from Russia and Lithuania). After a quintessentially bohemian childhood that found her straddling New York, Paris, Italy and Los Angeles, Alexa Davalos headed to Manhattan. In the Big...;Female;American;4000000
1466;Alexa PenaVega;1988-08-27;Miami;USA;61;"Alexa Ellesse PenaVega (n�e Vega; born August 27, 1988) is an American actress and singer. She is known for her role as Carmen Cortez in the Spy Kids film series and Shilo Wallace in the film Repo! The Genetic Opera (2008). In 2009, she starred as the title character Ruby Gallagher in the ABC Family series Ruby The Rockits.";Female;Columbian;8000000
1717;Alexander Gould;1994-05-04;Los Angeles;USA;68;Gould was born and raised in Los Angeles, California. He began acting at the age of two and is perhaps best known for providing the voice of the title character of Disney/Pixars film Finding Nemo (2003) and starring as Shane Botwin on the Showtime dark comedy-drama series Weeds (2005). His on-camera credits include guest spots on the television ...;Male;American;4800000
763;Alexis Cruz;1974-09-29;The Bronx;USA;68;"Alexis Cruz (SAG-AFTRA) is a veteran actor, and writer-director-producer. He starred in the title role in HBOs Emmy winning ""P.O.W.E.R.: The Eddie Matos Story"", in ""The Old Man and the Sea"" opposite Anthony Quinn, in Larry McMurtrys ""The Streets of Laredo"" with Sam Shepard and Sissy Spacek, as well as ""Stargate"" with Kurt Russell and James ...";Male;Puerto Rico;87000000
939;Alfre Woodard;1952-11-08;Tulsa;USA;63;Alfre Woodard was born on November 8, 1952 in Tulsa, Oklahoma, the youngest of three children of Constance, a homemaker, and Marion H. Woodard, an interior designer. She was named by her godmother, who claimed she saw a vision of Alfres name written out in gold letters. A former high school cheerleader and track star, she got the acting bug after...;Female;African American;13000000
784;Alfred Molina;1953-05-24;London;UK;74;"Alfred Molina was born in 1953 in London, England. His mother, Giovanna (Bonelli), was an Italian-born cook and cleaner, and his father, Esteban Molina, was a Spanish-born waiter and chauffeur. He studied at the Guildhall School of Music and Drama, London. His stage work includes two major Royal National Theatre productions, Tennessee Williams ""...";Male;Italian-Spanish;8000000
1720;Ali Astin;1996-11-27;California;USA;64;Ali Astin was born on November 27, 1996 in California, USA as Alexandra Louise Astin. She is an actress, known for The Lord of the Rings: The Return of the King (2003), Bad Kids of Crestview Academy (2017) and Two Rings (2019).;Female;American;12000000
2089;Alice Braga;1983-04-15;S�o Paulo;Brazil;64;Alice Braga Moraes born April 15, 1983 is a Brazilian actress. She has appeared in several Brazilian films, most notably as Ang�lica in 2002s highly acclaimed City of God and as Karina in 2005s Lower City. She came to international prominence after appearing opposite Will Smith in I Am Legend (2007) and has since become a familiar face in ...;Female;Portuguese;2000000
830;Alicia Witt;1975-08-21;Worcester;USA;68;"Actor/singer songwriter Alicia Witt has had a nearly three-decade long career, starting with her film debut, in 1984, as ""Alia"" in David Lynchs science fiction classic, Dune (1984). Witt was born in Worcester, Massachusetts, to Diane (Pietro), a high school teacher, and Robert Witt, a photographer and science teacher. Her ancestry includes Irish, ...";Female;American;4000000
1742;Alima Ashton-Sheibu;1996;Sydney;Australia;;"Alima Ashton was born in Sydney, Australia in 1996. She began her acting career at the age of 5, appearing in various television commercials screened in America. She is best known for her role in The Matrix Reloaded"", acting as links niece. Alima also appeared in Marcia Hines film clip, ""Shower the People"" at the age of 7. Alima was last seen in...";Female;Australian;
2554;Alison Brie;1982-12-29;Los Angeles County;USA;63;Alison Brie was born in Hollywood, California, to Joanne (Brenner), who worked at a non-profit child care agency, and Charles Terry Schermerhorn, a musician and entertainment reporter. Her mother is Jewish and her father has Scottish, Dutch, English, German, and Norwegian ancestry. Brie grew up in the Los Angeles suburb of South Pasadena. ...;Female;White;10000000
143;Alison Doody;1966-11-11;Dublin;Ireland;69;Alison Doody was born in Dublin in 1966, in a well-off family. She is the youngest of three children. She was educated in a convent, where she gained a passion for the arts. She later studied at the National College of Fine Arts in Dublin, but left because she lacked the motivation and thought she would take a year off to think it out. Meanwhile, ...;Female;White;
59;Allelon Ruggiero;1971-03-05;Philadelphia;USA;70;;Male;White;
1260;Allen Covert;1964-10-13;Palm Beach County;USA;69;Allen Covert was born on October 13, 1964 in Palm Beach County, Florida, USA as Allen Stephen Covert. He is an actor and producer, known for Grandmas Boy (2006), 50 First Dates (2004) and Little Nicky (2000). He is married to Kathryn Ashley Hagstrom. They have one child.;Male;White;10000000
1442;Allen Payne;1968-07-07;Harlem;USA;61;Allen Payne was born on July 7, 1968 in Harlem, New York City, New York, USA. He is an actor, known for New Jack City (1991), The Perfect Storm (2000) and Vampire in Brooklyn (1995).;Male;African-American;5000000
1254;Allison Janney;1959-11-19;Dayton;USA;72;"Allison Janney is an award-winning actress who has earned a solid reputation in stage productions and in many supporting roles on screen, and who more recently has become prominent by portraying one of the major characters in the popular TV series The West Wing (1999). Entertainment Weekly magazine describes Janneys screen presence as ""uncommonly ...";Female;White;14000000
2045;Allison Karman;1970-01-01;;;;Allison Karman is an actress and producer, known for Alvin and the Chipmunks (2007), The Fall of 1980 (2013) and Redbelt (2008).;Female;White;1000000
1533;Alun Armstrong;1946-07-17;Annfield Plain;UK;61;Alun Armstrong was born on July 17, 1946 in Annfield Plain, County Durham, England as Robert Alun Armstrong. He is an actor, known for Krull (1983), The Mummy Returns (2001) and Sleepy Hollow (1999). He has been married to Susan J. Bairstow since 1977. They have three children.;Male;English;84000000
17;Alvin M. Sugarman;1985-01-29;Atlanta;USA;;Alvin M. Sugarman is known for Driving Miss Daisy (1989) and Shared Legacies (2020).;Male;White;
1245;Alyson Hannigan;1974-03-24;Washington;USA;64;Alyson Hannigan was born in Washington, D.C., to Emilie (Posner), a real estate agent, and Al Hannigan, a truck driver. She began her acting career in Atlanta at the young age of 4 in commercials sponsoring such companies as McDonalds, Six Flags, and Oreos. She is a seasoned television actress veteran, guest starring in Picket Fences (1992), ...;Female;White;40000000
1679;Alyson Stoner;1993-08-11;Toledo;USA;64;"Alyson Stoner got her start as a triple threat on the Disney Channel, co-hosting ""Mikes Super Short Show"". By age seven, she won the hearts of an older generation as the ""Little Pigtailed Dancer"" in Missy Elliotts music video, Missy Elliott: Work It (2002). Since her early reign, Alyson has become a powerhouse heavy-weight with blockbuster ...";Female;White;1500000
1883;Amanda Bynes;1986-04-03;Thousand Oaks;USA;68;Amanda Laura Bynes was born on April 3, 1986, in Thousand Oaks, California, the youngest of three children of Lynn (Organ), a dental assistant, and Richard Bynes, a dentist. Her father is of Lithuanian, Irish, and Polish descent, and her mother is from an Ashkenazi Jewish family from Toronto. Amanda became interested in acting and performing from ...;Female;White;3000000
1050;Amanda Donohoe;1962-06-29;London;UK;68;Award winning Actor Amanda Donohoe trained at the Royal Central school of Speech and Drama. In a career spanning more than 30 years she has appeared in a variety of productions on Stage, Screen and Television in the UK and USA. She won a Golden Globe for her role in the multi award winning TV series LA LAW, co-starred in the Oscar winning film The...;Female;White;17000000
2556;Amanda Farinos;;New York City;USA;;Amanda Farinos is known for her work on The Lego Movie (2014), The Legend of Tarzan (2016) and Victor Frankenstein (2015).;Female;White;
1704;Amanda Peet;1972-01-11;New York City;USA;66;Amanda Peet was born and raised in New York City. She is the daughter of Penny (Levy), a social worker, and Charles Peet, a lawyer, and has an older sister. Her father was of mostly English and German ancestry, and her mother was from a Jewish family (from Germany, Russia, and Hungary). Peets great-grandfathers were politician Samuel Levy and ...;Female;White;100000000
684;Amanda Plummer;1957-03-23;New York City;USA;64;The daughter of Canadian actor Christopher Plummer and American actress Tammy Grimes, Amanda Plummer was born in New York City on March 23, 1957. Her breakthrough role came when she starred opposite Robin Williams in The Fisher King (1991). However, Plummer may be best remembered for her work in the Quentin Tarantino classic Pulp Fiction (1994). ...;Female;American-Canadian;5000000
2123;Amanda Seyfried;1985-12-03;Allentown;USA;62;Amanda Seyfried was born and raised in Allentown, Pennsylvania, to Ann (Sander), an occupational therapist, and Jack Seyfried, a pharmacist. She is of German, and some English and Scottish, ancestry. She began modeling when she was eleven, and acted in high school productions as well as taking singing lessons. More soap work followed as she ...;Female;Mixed;12000000
1690;Amaury Nolasco;1970-12-24;San Juan;Puerto Rico;61;Amaury Nolasco was born on December 24, 1970 in Puerto Rico as Amaury Nolasco Garrido. He is an actor and producer, known for Prison Break (2005), Transformers (2007) and A Good Day to Die Hard (2013).;Male;Puerto Rican;2000000
414;Amber Scott;1984-10-10;;USA;63;Amber Scott was born on October 10, 1984 in the USA. She is an actress, known for Hook (1991), Cannonball (2019) and American Experience (1988).;Female;White;400000
2541;Amber Stevens West;1986-10-07;Los Angeles;USA;69;Stevens was born in Los Angeles, California. She is the daughter of actor and radio announcer Shadoe Stevens, and former model Beverly Cunningham. She has a younger sister named Chyna Stevens (Chyna Rose Stevens). She is a graduate of Beverly Hills High School. Her father is Caucasian (of Norwegian, German, English, and Dutch descent) and her ...;Female;African-American;3000000
1581;Amber Tamblyn;1983-05-14;Santa Monica;USA;67;"Amber Rose Tamblyn was born May 14, 1983 in Santa Monica, California. Amber caught an agents eye at the age of ten after a performance in ""Pippi Longstocking"". She has appeared in Live Nude Girls (1995) and Johnny Mysto: Boy Wizard (1997). In addition, her most popular role has been the role of ""Emily Bowen-Quartermaine"" of the popular soap ...";Female;White;3000000
1872;Amber Valletta;1974-02-09;Phoenix;USA;69;Amber Valletta was born in Phoenix, Arizona, USA as Amber Evangeline Valletta. She is an actress, producer and model. She began her career as a fashion model. Valletta was married to Olympic volleyball player Chip McCaw with whom she has a son, Auden. Valletta endorsed Democrat President Barack Obama for re-election in 2012. In July 2014, Valletta...;Female;White;16000000
2310;America Ferrera;1984-04-18;Los Angeles;USA;61;America Georgine Ferrera (born April 18, 1984) is an American actress. She is known for her leading role as Betty Suarez on the American Broadcasting Companys comedy-drama television series Ugly Betty (2006-10). Her acting garnered critical acclaim, and she won the Golden Globe Award for Best Actress - Television Series Musical or Comedy, the ...;Female;Hispanic;16000000
2485;Amitabh Bachchan;1942-10-11;Allahabad;India;72;Son of well known poet Harivansh Rai Bachchan and Teji Bachchan. He has a brother named Ajitabh. He completed his education from Uttar Pradesh and moved to Bombay to find work as a film star, in vain though, as film-makers preferred someone with a fairer skin, and he was not quite fair enough. But they did use one of his other assets, his deep ...;Male;Indian;400000000
1975;Amy Adams;1974-08-20;Vicenza;Italy;64;Amy Lou Adams was born in Vicenza, Veneto, Italy, to American parents, Kathryn (Hicken) and Richard Kent Adams, a U.S. serviceman who was stationed at Caserma Ederle in Italy at the time. She was raised in a Mormon family of seven children in Castle Rock, Colorado, and has English, as well as smaller amounts of Danish, Swiss-German, and Norwegian,...;Female;White;60000000
1783;Amy Hill;1953-05-09;Deadwood;USA;68;"Amy Hills television and film credits number over 168. She is recurring on ""Crazy Ex Girlfriend"", ""UnReal"", ""Preacher"" and ""MOM"". Shes a regular on Amazon Primes ""Just Add Magic"" which is streaming the first, second and season 2 part 2. As a voice actor, shes been heard as recurring characters on numerous shows including American Dad, Lilo and...";Female;Japanese;3000000
29;Amy Madigan;1950-09-11;Chicago;USA;66;In the 1960s, Amy attended St. Philip Neri grammar school and Aquinas High School, both in Chicago, where she performed in school plays and was known as the school tomboy. In the early 1970s, Amy was featured in Playboy Magazine wearing only jelly, to promote her music band, Jelly. Amy is the daughter of John Madigan, a media personality in Chicago, Illinois.;Female;White;25000000
103;Amy ONeill;1971-07-08;Los Angeles;USA;67;Former actress most known for her performance in The Young and the Restless and Honey, I Shrunk the Kids;Female;White;10000000
2142;Amy Poehler;1971-09-16;Burlington;USA;62;Amy Meredith Poehler was born in Newton, Massachusetts, to high school teachers Eileen Frances (Milmore) and William Grinstead Poehler. Her brother is comedian Greg Poehler. She is of Irish (from her mother) and English, Irish, German, and Portuguese (from her father) descent. Amy was first involved with sketch comedy when she joined the group My ...;Female;White;25000000
1927;Amy Sedaris;1961-03-29;Endicott;USA;61;Amy Sedaris was born on March 29, 1961 in Endicott, New York, USA as Amy Louise Sedaris. She is an actress and writer, known for Strangers with Candy (1999), Puss in Boots (2011) and Elf (2003).;Female;White;12000000
2494;Amy Warren;1968-02-24;;Ireland;61.5;Amy Warren is an actress, known for Gravity (2013), Mistress America (2015) and Law Order (1990). She has been married to Bryn Magnus since December 21, 2001.;Female;White;14000000
171;Amy Yasbeck;1962-09-12;Cincinnati;USA;65;Amy Yasbeck was born on September 12, 1962 in Cincinnati, Ohio, USA as Amy Marie Yasbeck. She is an actress, known for The Mask (1994), Robin Hood: Men in Tights (1993) and Pretty Woman (1990). She was previously married to John Ritter.;Female;White;16000000
572;Andie MacDowell;1958-04-21;Gaffney;USA;68;Andie MacDowell was born Rosalie Anderson MacDowell on April 21, 1958 in Gaffney, South Carolina, to Pauline Johnston (Oswald), a music teacher, and Marion St. Pierre MacDowell, a lumber executive. She was enrolled at Winthrop College located in Rock Hill, South Carolina. Initially discovered by a rep from Wilhelmina Models while on a trip to Los ...;Male;White;25000000
1166;Andre B. Blake;1990-11-21;;USA;74;Andre B. Blake is known for his work on Philadelphia (1993), Spider-Man 3 (2007) and The Manchurian Candidate (2004).;Male;Jamaican-American;19000000
438;Andre Bernard;1934-11-22;London;United Kingdom;;;Male;White;
2066;Andre Braugher;1962-07-01;Chicago;USA;72;Andre Braugher was born on July 1, 1962 in Chicago, Illinois, USA as Andre Keith Braugher. He is an actor and producer, known for Homicide: Life on the Street (1993), Frequency (2000) and The Mist (2007). He has been married to Ami Brabson since December 28, 1991. They have three children.;Male;African-American;8000000
1153;Andrea Martin;1947-01-15;Portland;USA;64;Andrea Martin was born on January 15, 1947 in Portland, Maine, USA as Andrea Louise Martin. She is an actress and writer, known for My Big Fat Greek Wedding (2002), My Big Fat Greek Wedding 2 (2016) and Hedwig and the Angry Inch (2001).;Female;Armenian-American;1000000
664;Andreas Katsulas;1946-05-18;St. Louis;USA;72;Born in St. Louis, Missouri, Andreas from a working-class Greek-American family. Attracted from early childhood to being on stage when at 4 his mother took him to see a community theater performance, he took theatre as an extra-curricular activity in high school. He then majored in it at St. Louis University, where he worked his way through school...;Male;Greek American;
564;Andrew Bryniarski;1969-02-13;Philadelphia;USA;77;"Andrew Bryniarski was born on February 13, 1969 in Philadelphia, Pennsylvania. The 6 5"" is a former bodybuilder. He came to Hollywood for a short summer vacation to visit a friend, was spotted by a talent scout, who set up a screen test for Joel Silver, and all of a sudden he was acting alongside Bruce Willis and James Coburn in Hudson Hawk (1991)...";Male;White;300000
1375;Andrew Chavez;;;;;Andrew Chavez is an actor, known for Traffic (2000).;Male;;
259;Andrew Divoff;1955-07-02;San Tome;Venezuela;73;Andrew Daniel Divoff is a Russian film, television actor and stuntman, best known for playing the evil Djinn in the first two Wishmaster films and the villains Cherry Ganz in Another 48 Hrs., Ernesto Mendoza in A Low Down Dirty Shame, Boris Bazylev in Air Force One, Ivan Sarnoff in CSI: Miami and Mikhail Bakunin in Lost. He was born on July 2, ...;Male;White;
2063;Andrew Friedman;1976-11-13;Houston;USA;68;Andrew Friedman is an actor and writer, known for Its Always Sunny in Philadelphia (2005), GLOW (2017) and Live Free or Die Hard (2007). He has been married to Cara DiPaolo since 2003.;Male;White;10000000
2447;Andrew Garfield;1983-08-20;Los Angeles;USA;61;Andrew Russell Garfield was born in Los Angeles, California, to a British mother, Lynn (Hillman), and father, Richard Garfield. When he was three, he moved to Surrey, U.K., with his parents and older brother. He is of English and Polish Jewish heritage. Andrew was raised in a middle class family, and attended a private school, the City of London ...;Male;White;13000000
2264;Andrew Havill;1965-0-0;;UK;74;Andrew Havill was born in 1965 in the UK. He is an actor, known for The Kings Speech (2010), Les Miserables (2012) and Cloud Atlas (2012).;Male;English;
833;Andrew Kevin Walker;1964-08-14;Altoona;USA;;Andrew Kevin Walker was born on August 14, 1964 in Altoona, Pennsylvania, USA. He is a writer and actor, known for Se7en (1995), Sleepy Hollow (1999) and 8MM (1999).;Male;American;2000000
885;Andrew Weir;1980-12-26;Ayr;UK;;"Away from the stage and silver screen this versatile actor is a keen follower of Ayr Utd FC and the Scotland National Team. He is also one of the founders of the highly successful company ""3rd Degrees Burns"" His work in this field has been appreciated by audience worldwide and various festivals and events. In all Andrew Weir is a true champion of ...";Male;American;
1741;Andy Arness;1959-12-31;Everett;USA;75;Andy Arness was born on December 31, 1959 in Everett, Washington, USA as Andrew Aaron Arness. He is known for his work on The Matrix Reloaded (2003), Chance (2016) and Valley of the Hearts Delight (2006). He has been married to Doreen Brown since 2000. They have one child. He was previously married to Teddy Baxter and Debbie Merrill.;Male;White;
277;Andy Garcia;1956-04-12;Havana;Cuba;69;One of Hollywoods most private and guarded leading men, Andy Garcia has created iconic characters while at the same time staying true to his acting roots and personal projects. Garcia was born Andr�s Arturo Garc�a Men�ndez on April 12, 1956, in Havana, Cuba, to Amelie Men�ndez, a teacher of English, and Ren� Garc�a N��ez, an attorney and avocado ...;Male;Cuban;20000000
1840;Andy Pellick;;Pittsburgh;USA;;Andy Pellick is an actor, known for The Polar Express (2004) and Winters Tale (2014).;Male;;
1501;Andy Richter;1966-10-28;Grand Rapids;USA;73;Andy Richter was born in Grand Rapids, Michigan, the second of four children of Glenda (Palmer), a kitchen cabinet designer, and Laurence R. Richter, who taught Russian at Indiana University. He was raised in Yorkville, Illinois. His parents divorced when he was four. Richter attended the University of Illinois Urbana/Champaign and then moved to ...;Male;White;10000000
1007;Andy Romano;1941-06-15;USA;USA;70;Andy Romano was born on June 15, 1941 in the USA. He is an actor, known for Under Siege (1992), Major League (1989) and Eraser (1996).;Male;Greek;
2414;Andy Samberg;1978-08-18;Berkeley;USA;69;Andy Samberg was born in Berkeley, California, to Marjorie (Marrow), a teacher, and Joe Samberg, a photographer. With Jorma Taccone and Akiva Schaffer, Samberg is one of three Los Angeles, California-based writer-performer-filmmakers--all childhood friends--dubbed The Lonely Island, whose short films were showcased on the popular untelevised ...;Male;White;20000000
1940;Andy Serkis;1964-04-20;Ruislip;UK;68;English film actor, director and author Andy Serkis is known for his performance capture roles comprising motion capture acting, animation and voice work for such computer-generated characters as Gollum in The Lord of the Rings film trilogy (2001-2003) and The Hobbit: An Unexpected Journey (2012), the eponymous King Kong in the 2005 film, Caesar ...;Male;White;18000000
187;Angela Goethals;1977-05-20;New York City;USA;64;Angela Goethals was born on May 20, 1977 in New York City, New York, USA as Angela Bethany Goethals. She is an actress, known for Home Alone (1990), Jerry Maguire (1996) and Spanglish (2004). She has been married to Russell Soder since 2005. They have one child.;Female;White;
338;Angela Lansbury;1925-10-16;Regents Park;UK;68;The daughter of an actress and the granddaughter of a high-ranking politician, Angela Brigid Lansbury studied acting from her youth, departing for the United States in 1940 during the Battle of Britain. She was contracted by MGM while still a teenager and nominated for an Academy Award for her first film, Gaslight (1944). Two pictures later, she ...;Female;White;70000000
574;Angela Paton;1930-01-11;Brooklyn;USA;;"Paton was described as a ""natural comic"" and one of the ""legends of the local stage"" of San Francisco. She is a veteran of the American Conservatory Theater (A.C.T.), and also one of A.C.T.s leading actresses in its first few seasons. After leaving A.C.T. in the early 1970s, Paton and her husband founded and ran the Berkeley Stage Company for a ...";Female;American;
1538;Angelina Jolie;1975-06-04;Los Angeles;USA;66;"Angelina Jolie is an Academy Award-winning actress who rose to fame after her role in Girl, Interrupted (1999), playing the title role in the ""Lara Croft"" blockbuster movies, as well as Mr. Mrs. Smith (2005), Wanted (2008), Salt (2010) and Maleficent (2014). Off-screen, Jolie has become prominently involved in international charity projects,...";Female;White;120000000
1905;Angie Harmon;1972-08-10;Dallas;USA;69;Angie Harmon was born on August 10, 1972 in Dallas, Texas, USA as Angela Michelle Harmon. She is an actress and director, known for Agent Cody Banks (2003), Rizzoli Isles (2010) and Law Order (1990). She was previously married to Jason Sehorn.;Female;;30000000
1663;Angus T. Jones;1993-10-08;Austin;USA;67;Angus T. Jones was born on October 8, 1993 in Austin, Texas, USA as Angus Turner Jones. He is an actor, known for Two and a Half Men (2003), The Rookie (2002) and Bringing Down the House (2003).;Male;;20000000
1969;Anika Noni Rose;1972-09-06;Bloomfield;USA;62;Tony Award winner Anika Noni Rose recently finished filming the lead role of the pilot episode Beast Mode (TBS / Macro), which is based on life of legendary boxing trainer Ann Wolfe. Anika is also serving as Co-Executive Producer. In 2018, Anika starred in the title role of Carmen Jones in John Doyles production at the Classic Stage Company in ...;Female;;3000000
2100;Anil Kapoor;1956-12-24;Chembur;India;67;Living in a Chawl in Tilak Nagar, Punjabi-speaking Anil was born in 1959 to Surinder and Nirmal aka Suchitra Kapoor. He has an elder brother, Boney, a sister, Reena, and a younger brother, Sanjay. His dad used to be Shammi Kapoors Secretary. A loner, without many friends, he studied in the nearby O.L.P.S. (Our Lady of Perpetual Succor) School, and...;Male;;12000000
366;Anjelica Huston;1951-07-08;Santa Monica;USA;61;"Anjelica Huston was born on July 8, 1951 in Santa Monica, California, to prima ballerina Enrica ""Ricki"" (Soma) and director and actor John Huston. Her mother, who was from New York, was of Italian descent, and her father had English, Scottish, and Scots-Irish ancestry. Huston spent most of her childhood overseas, in Ireland and England, and in ...";Female;White;50000000
527;Ann Cusack;1961-05-22;Brooklyn;USA;68;Ann Cusack was born on May 22, 1961 in Brooklyn, New York, USA. She is an actress, known for Grosse Pointe Blank (1997), Tank Girl (1995) and Accepted (2006).;Female;White;
808;Ann Morgan Guilbert;1928-10-16;Minneapolis;USA;61;Ann Morgan Guilbert was best-known to television audiences as the Rob and Laura Petries neighbor Millie Helper on The Dick Van Dyke Show (1961) and as Fran Feins feisty Grandma Yetta on The Nanny (1993). She gave memorable performances in film and television and on stage throughout her distinguished career, and recently starred in Nicole ...;Female;;
630;Ann-Margret;1941-04-28;Valsjabyn;Sweden;63;Actress and singer Ann-Margret is one of the most famous sex symbols and actresses of the 1960s and beyond. She continued her career through the following decades and into the 21st century. Ann-Margret was born Ann-Margret Olsson in Valsj�byn, J�mtland County, Sweden, to Anna Regina (Aronsson) and Carl Gustav Olsson, who worked for an electrical ...;Female;White;
2335;Anna Camp;1982-09-27;Aiken;USA;65;Anna Camp grew up in South Carolina and is the daughter of Dee and Thomas Camp. Anna graduated from the University of North Carolina School of the Arts in 2004. She then moved to New York City and has appeared in films and television shows since 2007. From 2009 to 2014, she starred in the series True Blood (2008) as Sarah Newlin. She had a main ...;Female;;4000000
1352;Anna Faris;1976-11-29;Baltimore;USA;64;Anna Kay Faris was born on November 29, 1976 in Baltimore, Maryland, to Karen (Bathurst), a special education teacher, and Jack Faris, a sociologist. She was raised in Edmonds, Washington. Her ancestry includes English, German, Scottish, French, Dutch, and Welsh. Anna started acting very young but not professionally. She loved watching theatrical ...;Female;White;30000000
2207;Anna Kendrick;1985-08-09;Portland;USA;62;"Anna Kendrick was born in Portland, Maine, to Janice (Cooke), an accountant, and William Kendrick, a teacher. She has an older brother, Michael Cooke Kendrick, who has also acted. She is of English, Irish, and Scottish descent. For her role as ""Dinah"" in ""High Society"" on Broadway, Anna Kendrick was nominated for a Tony Award (second youngest ever)...";Female;White;20000000
445;Anna Levine;1953-09-18;New York City;USA;67;Anna Levine was born on September 18, 1953 in New York City, New York, USA as Anna Kluger Levine. She is an actress, known for True Romance (1993), Unforgiven (1992) and The Crow (1994).;Female;White;
1406;Anna Maria Horsford;1948-03-06;New York City;USA;68;Anna Maria Horsford was born and raised in Harlem, New York. Her parents immigrated to the United States from the island nation Antigua Barbuda, in the West Indies (then a British colony), during the 1940s. Anna grew up not really feeling American but not West Indian either, just somewhere in between. However, she vacationed in the Caribbean, ...;Female;African American;500000
1401;Anna Paquin;1982-07-24;Winnipeg;Canada;64;Anna Paquin is the first millennial to have received an Academy Award nomination for acting, and the first to win. She was born in Winnipeg, Manitoba, Canada, in 1982, to Mary (Brophy), an English teacher from Wellington, New Zealand, and Brian Paquin, a Canadian phys-ed teacher. Anna moved to her mothers native country when she was four years old...;Female;White;14000000
1935;Anna Popplewell;1988-12-16;London;UK;63;"Anna Popplewell was born on December 16, 1988 in London, England as Anna Katherine Popplewell. She is an actress, known for The Chronicles of Narnia: The Lion, the Witch and the Wardrobe (2005), The Chronicles of Narnia: Prince Caspian (2008) and Halo 4: Forward Unto Dawn (2012). She is also known for her role as ""Lola"" on the popular CW show, ...";Female;White;4000000
1302;Annabeth Gish;1971-03-13;Albuquerque;USA;68;"A versatile actress, Annabeth Gish weathered the transition from child actor to adult, with a variety of dramatic and comedic roles on film and television. Anne Elizabeth Gish was born on March 13, 1971 in Albuquerque, New Mexico and moved with her family to Cedar Falls, at the age of two. Her parents were both teachers; her father, Robert Gish, ...";Female;;4000000
546;Anne Archer;1947-08-24;Los Angeles;USA;66;"Anne Archer was nominated for an Academy Award�, a Golden Globe and the British (BAFTA) Academy Award for her role as Michael Douglas sympathetic, tortured wife, ""Beth Gallagher"", in Adrian Lynes 1987 thriller Fatal Attraction (1987). Archer is also well-known for her poignant Golden Globe-winning performance in the ensemble cast of Robert Altman...";Female;White;20000000
27;Anne Bobby;1967-12-12;Paterson;USA;65;American actress, voice artist, playwright, and author, best known for her role as Lori Winston in Clive Barkers Nightbreed.;Female;White;5000000
1048;Anne Haney;1934-03-04;Memphis;USA;68;"Anne Haney held prominent roles acting on stage, on the screen, and on TV. All these achievements came in her mid 40s, after she had raised a daughter and buried a husband. It wasnt until after she had packed her daughter off to college and ""the maid quit"", as she said, that she decided to try her hand at acting. She was born in Memphis, Tennessee...";Female;White;
1471;Anne Hathaway;1982-11-12;Brooklyn;USA;68;Anne Jacqueline Hathaway was born in Brooklyn, New York, to Kate McCauley Hathaway, an actress, and Gerald T. Hathaway, a lawyer, both originally from Philadelphia. She is of mostly Irish descent, along with English, German, and French. Her first major role came in the short-lived television series Get Real (1999). She gained widespread ...;Female;White;60000000
1029;Anne Heche;1969-05-25;Aurora;USA;65;Anne Heche was born on May 25, 1969 in Aurora, Ohio, USA as Anne Celeste Heche. She is an actress and writer, known for Six Days Seven Nights (1998), Donnie Brasco (1997) and Wag the Dog (1997). She was previously married to Coleman Coley Laffoon.;Female;;8000000
1805;Anne Jacques;;New York City;USA;;Anne Jacques is an actress, known for Oceans Twelve (2004), Rockabye (2017) and Prison Break (2005).;Female;;
1251;Annette Bening;1958-05-29;Topeka;USA;68;Annette Carol Bening was born on May 29, 1958 in Topeka, Kansas, the youngest of four children of Shirley (Ashley), a soloist and church singer, and Arnett Grant Bening, an insurance salesman. She is of German and British Isles ancestry. Her family moved to California when she was young, and she grew up there. She graduated from San Francisco ...;Female;;70000000
119;Annie Potts;1952-10-28;Nashville;USA;63;Annie Potts is an American film, television, and stage actress. She is known for her roles in popular 1980s films such as Ghostbusters (1984) and Pretty in Pink (1986). She made her debut on the big screen in 1978 in the Metro-Goldwyn-Mayer comedy film Corvette Summer, with Mark Hamill, for which she was nominated for an Golden Globe. In 2017 she ...;Female;White;8000000
2568;Ansel Elgort;1994-03-14;New York City;USA;74;Ansel Elgort is an American actor, known for playing Augustus Waters in the romance The Fault in Our Stars (2014) and the title character in the action thriller Baby Driver (2017). He was born in New York City to photographer Arthur Elgort and opera director Grethe Holby. His father is of Russian-Jewish heritage, while his mother has Norwegian and...;Male;White;12000000
1356;Anthony Anderson;1970-08-15;Los Angeles;USA;61;Anthony Anderson was born on August 15, 1970 in Los Angeles, California, USA. He is an actor and producer, known for The Departed (2006), Kangaroo Jack (2003) and Transformers (2007). He has been married to Alvina Renee Stewart since September 11, 1999. They have two children.;Male;African-American;25000000
1911;Anthony Daniels;1946-02-21;Salisbury;UK;69;Initially not a science fiction fan, theatre actor Anthony Daniels was persuaded by his agent to meet George Lucas for the casting of C-3PO in Star Wars: Episode IV - A New Hope (1977). He went on to perform the character, both his voice and body in the suit, for all the episodic Star Wars films produced. Additionally, he performed the voice of ...;Male;;8000000
897;Anthony DeMasters;1994-10-12;San Antonio;USA;67;Anthony DeMasters is an actor, known for Waterworld (1995).;Male;White;
738;Anthony Edwards;1962-07-19;Santa Barbara;USA;74;Anthony Edwards was born in Santa Barbara, California, on July 19, 1962, to a well-blended family. He is the youngest of five children, and the son of Erika Kem (Weber), a landscape painter and artist, and Peter Edwards, an architect. His mother was of German descent, and his father was of English, Irish, Scottish, and Spanish-Mexican ancestry. ...;Male;;40000000
316;Anthony Heald;1944-08-25;New Rochelle;USA;67;Anthony Heald was born Philip Anthony Mair Heald on August 25, 1944, in New Rochelle, New York. He graduated from Massapequa High School on Long Island, New York, in 1962, and from Michigan State University in 1971. He currently resides in Ashland, Oregon, where he was a member of the Oregon Shakespeare Festival acting company for the 1997, 98 and...;Male;;2000000
538;Anthony Hopkins;1937-12-31;Margam;Wales;69;Anthony Hopkins was born on December 31, 1937, in Margam, Wales, to Muriel Anne (Yeats) and Richard Arthur Hopkins, a baker. His parents were both of half Welsh and half English descent. Influenced by Richard Burton, he decided to study at College of Music and Drama and graduated in 1957. In 1965, he moved to London and joined the National Theatre...;Male;White;160000000
737;Anthony LaPaglia;1959-01-31;Adelaide;Australia;61;Anthony LaPaglia was born on January 31, 1959 in Adelaide, South Australia, Australia. He is an actor and producer, known for Without a Trace (2002), Empire Records (1995) and Lantana (2001). He has been married to Alexandra Henkel since April 28, 2018. He was previously married to Gia Carides.;Male;;6000000
2590;Anthony Mackie;1978-09-23;New Orleans;USA;70;Anthony Mackie is an American actor. He was born in New Orleans, Louisiana, to Martha (Gordon) and Willie Mackie, Sr., who owned a business, Mackie Roofing. Anthony has been featured in feature films, television series and Broadway and Off-Broadway plays, including Ma Raineys Black Bottom, Drowning Crow, McReele, A Soldiers Play, and Talk, by ...;Male;;8000000
209;Anthony Michael Hall;1968-04-14;West Roxbury;USA;72;Anthony Michael Hall was born in West Roxbury, Massachusetts. His parents are Mercedes Hall, an actress-blues and jazz singer, and Larry Hall, who owned an auto body shop. His stepfather is a show-business manager. His sister, Mary Christian, is also a performer. He has Irish and Italian ancestry. Halls given name was Michael Anthony Thomas ...;Male;White;4000000
396;Anthony Ramirez;1991-11-1;New York City;USA;;Anthony Ramirez is an actor, known for This Is Us (2016), Devils Inside (2012) and CollegeHumor Originals (2006).;Male;;
1490;Anthony Rapp;1971-10-26;Joliet;USA;68;"Anthony Rapp started his career at the age of six, and received his first professional job at the age of nine. His breakout came when he originated the role of ""Mark Cohen"" in Jonathan Larsons production of the Broadway musical ""Rent"". He can be heard on the original cast recording.";Male;White;2000000
2530;Antje Traue;1981-01-18;Mittweida;Germany;65;"With a strong body of work in her native Germany, Antje broke out into the international marketplace in Zack Snyders Superman retelling, ""Man of Steal"" as the villainess, ""Faora"". Other credits include Renny Harlins ""5 Days of August"", Warner Brothers ""The Seventh Son"", Simon Curtiss ""The Woman in Gold"" with Helen Mirren and Ryan Reynolds and ...";Female;White;3000000
2515;Anton Yelchin;1989-03-11;Leningrad;Russia;69;Anton Yelchin was an American actor, known for playing Bobby in Hearts in Atlantis (2001), Chekov in the Star Trek (2009) reboot, Charlie Brewster in the Fright Night (2011) remake, and Jacob in Like Crazy (2011). He was born in Leningrad (now St. Petersburg), Russia, USSR, to a Jewish family. His parents, Irina Korina and Viktor Yelchin, were a ...;Male;;10000000
1464;Antonio Banderas;1960-08-10;Mlaga;Spain;68;"Antonio Banderas, one of Spains most famous faces, was a soccer player until breaking his foot at the age of fourteen; he is now an international film star known for playing Zorro in the eponymous film series. He was born Jos� Antonio Dom�nguez Banderas on August 10, 1960, in M�laga, Andalusia, Spain. His father, Jose Dominguez, was a policeman in...";Male;White;50000000
1143;Antony Sher;1949-06-14;Cape Town;South Africa;66;"Born in 1949, Antony Sher was raised in South Africa before going to London to study at the Webber-Douglas Academy of Dramatic Art between 1969 and 1971. After performing for the theatre group ""Gay Sweatshop"" in ""Thinking Straight"" (1975), ""The Fork"" (1976) and ""Stone"" (1976), Sher joined the Royal Shakespeare Company in 1982. Three years later, ...";Male;;
2094;April Grace;1962-05-12;Lakeland;USA;66;April Grace was born on May 12, 1962 in Lakeland, Florida, USA. She is an actress, known for Magnolia (1999), I Am Legend (2007) and A.I. Artificial Intelligence (2001).;Female;African American;
1225;Arabella Field;1965-02-05;New York City;USA;66;Arabella Field was born on February 5, 1965 in New York City, New York, USA. She is an actress and producer, known for House (2004), American Horror Story (2011) and Seinfeld (1989). She was previously married to Brian Gerber.;Female;White;
1818;Arjay Smith;1983-11-27;Redlands;USA;61;Arjay Smith is an American actor, born in Southern California, who began his career in the summer of 1993 at the age of 9. A chameleon by nature, Arjay Smith continues to embrace new characters from drama to comedy. In 2014 he stunned audiences in his recurring role as Grant McQueen on the 7th and final season of Sons of Anarchy (2008). In (2017) ...;Male;African American;800000
1067;Arliss Howard;1954-10-18;Independence;USA;69;Arliss Howard was born on October 18, 1954 in Independence, Missouri, USA as Leslie Richard Howard. He is an actor and director, known for Full Metal Jacket (1987), The Lost World: Jurassic Park (1997) and The Time Travelers Wife (2009). He has been married to Debra Winger since November 28, 1996. They have one child. He was previously married to...;Male;;16000000
174;Arnold Schwarzenegger;1947-07-30;Thal;Austria;74;With an almost unpronounceable surname and a thick Austrian accent, who would have ever believed that a brash, quick talking bodybuilder from a small European village would become one of Hollywoods biggest stars, marry into the prestigious Kennedy family, amass a fortune via shrewd investments and one day be the Governor of California!? The ...;Male;White;
1313;Arnold Vosloo;1962-06-16;Pretoria;South Africa;73;Arnold Vosloo was born in Pretoria, South Africa, to stage actor parents, Johanna Petronella Vorster and Johannes J. Daniel Vosloo. He is an Afrikaaner (of mostly Dutch, as well as German, Swiss-German, Danish, and French, descent). Vosloo quickly established a fine reputation as an actor in his native South Africa, winning several awards there for...;Male;;4000000
1830;Aron Warner;1961-03-25;;USA;;Aron Warner is a producer and actor, known for Shrek the Third (2007), Shrek 2 (2004) and Shrek (2001).;Male;;8000000
304;Art Evans;1942-03-27;Berkeley;USA;;Art Evans was born on March 27, 1942 in Berkeley, California, USA as Arthur James Evans. He is an actor, known for Die Hard 2 (1990), Fright Night (1985) and Interstate 60: Episodes of the Road (2002). He is married to Babe.;Male;;
790;Art Malik;1952-11-13;Bahawalpur;Pakistan;72;Art Malik was born on November 13, 1952 in Bahawalpur, Pakistan as Athar Ul-Haque Malik. He is an actor and producer, known for The Living Daylights (1987), True Lies (1994) and The Wolfman (2010). He has been married to Gina Rowe since 1980. They have two children.;Male;;
926;Ashley Buccille;1986-01-30;Orange County;USA;;Ashley Buccille was born on January 30, 1986 in Orange County, California, USA as Ashley Elizabeth Buccille. She is an actress, known for Phenomenon (1996), Dusting Cliff 7 (1997) and Baywatch Nights (1995).;Female;White;
2356;Ashley Greene;1987-02-21;Jacksonville;USA;65;"Ashley Michele Greene was born in Jacksonville, Florida to parents Michele (Tatum), an insurance broker, and Joseph Lacy Greene, US Marine who runs a concrete business. A self-confessed tomboy and ""daredevil"", Ashley loved to try to keep up with her older brother Joe, taking on activities such as taekwondo and winning several awards. Ashley says ...";Female;;8000000
1394;Ashley Johnson;1983-08-09;Camarillo;USA;65;"Ashley was born in Camarillo, California on August 9, 1983, to Cliff and Nancy Johnson. When she was 9 days old, her family packed up and moved to Michigan where her father was transferred (Ship captain of an exploration ship). They finally ended up moving to ""The Town That Time Forgot"" called Franklin. She lived there through most of her life, ...";Female;;3000000
1296;Ashley Judd;1968-04-19;Granada Hills;USA;67;American actress and political activist Ashley Judd was born Ashley Tyler Ciminella on April 19, 1968, in Granada Hills, California. She grew up in a family of successful performing artists as the daughter of country music singer Naomi Judd and the sister of Wynonna Judd. While she is best known for an ongoing acting career spanning more than two ...;Female;;18000000
2128;Ashley Lilley;1986-01-29;Rothesay;UK;69;Ashley Lilley was born on January 29, 1986 in Rothesay, Scotland as Ashley-Anne Lilley. She is an actress, known for Mamma Mia! (2008), Letters to Juliet (2010) and M.I.High (2007).;Female;;
1611;Asia Argento;1975-09-20;Rome;Italy;66;Asia Argento was born in Rome, Italy, into a family of actors and filmmakers, both occupations which she has herself pursued. She made her debut when she was only nine years old in Sergio Cittis Sogni e bisogni (1985). In 1988 she had the leading role in Cristina Comencinis first film, Zoo (1988), and was part of the cast of The Church (1989), ...;Female;;1000000
1860;Assaf Cohen;1972-10-31;Mountain View;USA;61;Originally from the San Francisco Bay Area, Assaf Cohen grew up in Palo Alto, lived for a number of years in the Middle East, and attended UC Berkeley where he earned a Bachelors degree in Integrative Biology. Later, he continued his classical training by earning a Master of Fine Arts in Acting from the Mason Gross School of the Arts at Rutgers ...;Male;;
2389;Astrid Berges-Frisbey;1986-05-26;Barcelona;Spain;67;Astrid Berg�s-Frisbey was born the 26th May of 1986 in Barcelona, Spain to a Spanish Father and a French-American Mother of English descent. She is fluent in French, Spanish, and Catalan. Astrid Berg�s-Frisbey made her acting debut in 2007 on French television. In 2008, she made her feature debut in the French film The Sea Wall (2008) and since ...;Female;;
2003;Audrey Tautou;1976-08-09;Beaumont;France;63;Audrey Justine Tautou was born on August 9, 1976 in Beaumont, France, to Evelyne Marie Laure (Nuret), a teacher, and Bernard Tautou, a dental surgeon. Audrey showed an interest for comedy at an early age and started her acting lessons at Cours Florent. In 1998 she won the best young actress award in the ninth Jeune Comedien de Cinema Festival ...;Female;;20000000
579;August Schellenberg;1936-07-25;Montreal;Canada;68;August Schellenberg was born on July 25, 1936 in Montreal, Quebec, Canada as August Werner Schellenberg. He was an actor and director, known for Black Robe (1991), The New World (2005) and Free Willy (1993). He was married to Joan Karasevich. He died on August 15, 2013 in Dallas, Texas, USA.;Male;;
1817;Austin Nichols;1980-04-24;Ann Arbor;USA;75;Austin Nichols was born in Ann Arbor, Michigan, and was raised in Austin, Texas until the age of eighteen, when he moved to Los Angeles to pursue a career in acting. He graduated from the University of Southern California in 2002 with a degree in creative writing. His role in Six Feet Under led to films like The Day After Tomorrow, Wimbledon, and ...;Male;;4000000
1719;Austin Pendleton;1940-03-27;Warren;USA;;Actor Austin Pendleton was born March 27, 1940 in Warren, Ohio to Frances and Thorn Pendleton. He graduated from Yale University. He later became an ensemble member of the Steppenwolf Theater in Chicago, and acted in several of the theaters productions. His first film appearance in Petulia (1968), a minor and uncredited role. Since, he has made ...;Male;;4000000
2106;Ayush Mahesh Khedekar;2000-04-05;Mumbai;India;73;Ayush Mahesh Khedekar is an actor, known for Slumdog Millionaire (2008), Marjaavaan (2019) and Gandhi of the Month (2014).;Male;Indian;
2105;Azharuddin Mohammed Ismail;1998-1-1;Mumbai;India;;Azharuddin Mohammed Ismail was born in 1998 in Mumbai, India. He is an actor, known for Slumdog Millionaire (2008), Super 30 (2019) and The Shopkeeper (2010).;Male;;
2418;Aziz Ansari;1983-02-23;Columbia;USA;66;Aziz Ansari was born in Columbia, South Carolina, to Fatima, a medical office worker, and Shoukath, a gastroenterologist. His family is from Tamil Nadu, India. He graduated from NYU as a business major in 2004. He graduated from the South Carolina Governors School for Math and Science in Hartsville, SC. He previously attended Marlboro Academy, a ...;Male;;
373;Barbra Streisand;1942-04-24;Williamsburg;USA;65;Barbra Streisand is an American singer, actress, director and producer and one of the most successful personalities in show business. She is the only person ever to receive all of the following: Oscar, Tony, Emmy, Grammy, Golden Globe, Cable Ace, National Endowment for the Arts, and Peabody awards, as well as the American Film Institutes Lifetime ...;Female;White;
641;Barnard Hughes;1915-07-16;Bedford Hills;USA;61;"Emmy and Tony Award-winner Barnard Hughes forged a career as one of Americans most successful character actors, equally at home and successful on stage, the silver screen, and television. Most of his success came after middle-age. He made his Broadway debut in 1939 in Mary McCarthys ""Please, Mrs. Garibaldi"", a flop that lasted only four ...";Male;White;
1184;Barry Pepper;1970-04-04;Campbell River;Canada;61;Barry Robert Pepper was born on April 4, 1970, in Campbell River, British Columbia, Canada. He has two older brothers named Alex and Doug Pepper. The Peppers didnt stick around Campbell River for too long. They had been building a ship in their backyard for years. When Barry was five years old, the ship was done and the family set sail. The ship,...;Male;;10000000
1307;Bart Tangredi;1960-06-21;Islip;USA;;Bart Tangredi was born on June 21, 1960 in Islip, New York, USA. He is known for his work on Analyze This (1999), Law Order (1990) and Analyze That (2002).;Male;;
2495;Basher Savage;;;USA;;Basher Savage is an actor, known for Gravity (2013) and Marple (2004).;Male;;
332;BD Wong;1960-10-24;San Francisco;USA;64;"BD Wong was born and raised in San Francisco, California. He made his Broadway debut in ""M. Butterfly."" He is the only actor to be honored with the Tony Award, Drama Desk Award, Outer Critics Circle Award, Clarence Derwent Award, and Theater World Award for the same performance. He starred in the television series All-American Girl (1994), and has...";Male;Asian American;8000000
801;Beatrice Winde;1924-01-05;Chicago;USA;;Beatrice Winde was born on January 5, 1924 in Chicago, Illinois, USA as Beatrice Lucille Williams. She was an actress, known for The Taking of Pelham One Two Three (1974), Lone Star (1996) and Malcolm X (1992). She was married to Raymond Stough. She died on January 3, 2004 in Manhattan, New York City, New York, USA.;Female;;
876;Bebe Neuwirth;1958-12-31;Princeton;USA;64;"Beatrice ""Bebe"" Neuwirth is the daughter of Sydney Anne, an artist, and Lee Paul Neuwirth, a mathematician. Born and raised in Princeton, New Jersey, she started out as a dancer. Her New York career started out in ""A Chorus Line"". She won a Tony Award for her part in ""Sweet Charity"" and two Emmy Awards for Outstanding Supporting Actress in a ...";Female;;10000000
2108;Bee Vang;1991-11-04;Fresno;USA;66;Bee Vang was born on November 4, 1991 in Fresno, California, USA. He is an actor and writer, known for Gran Torino (2008), Sunset on Dawn/Kho Neeg and Our New President (2018).;Male;;100000
1015;Ben Affleck;1972-08-15;Berkeley;USA;75;"American actor and filmmaker Benjamin G�za Affleck-Boldt was born on August 15, 1972 in Berkeley, California, and was raised in Cambridge, Massachusetts. His mother, Chris Anne (n�e Boldt), is a school teacher, and his father, Timothy Byers Affleck, is a social worker; the two are divorced. Ben has a younger brother, actor Casey Affleck, who was ...";Male;White;150000000
2178;Ben Barnes;1981-08-20;London;UK;73;British actor Benjamin Thomas Barnes was born in London, England, to Patricia (Becker), a relationship therapist, and Thomas Barnes, a professor of psychiatry. He has a brother, Jack. His mother is from South Africa while his father is English. Barnes studied at Homefield Preparatory and Kings College, both independent all boys schools. He began ...;Male;White;2000000
592;Ben Kingsley;1943-12-31;Scarborough;UK;68;Ben Kingsley was born Krishna Bhanji on December 31, 1943 in Scarborough, Yorkshire, England. His father, Rahimtulla Harji Bhanji, was a Kenyan-born medical doctor, of Gujarati Indian descent, and his mother, Anna Lyna Mary (Goodman), was an English actress. Ben began to act in stage plays during the 1960s. He soon became a successful stage actor,...;Male;;60000000
2548;Ben Reed;1965-05-01;Bixby;USA;;Ben Reed was born on May 1, 1965 in Bixby, Oklahoma, USA as Benjamin Lee Reed. He is an actor and producer, known for American Sniper (2014), Starcrossed (2014) and The Greatest Showman (2017).;Male;White;
844;Ben Stein;1944-11-25;Washington;USA;61;Ben Stein (Benjamin J. Stein) was born on Nov. 25, 1944 in Washington, D.C. The son of noted economist and writer Herbert Stein, he grew up in Silver Spring, Md., and attended Montgomery Blair High School. Some of his classmates included journalist Carl Bernstein, and actors Goldie Hawn and Sylvester Stallone. He graduated from Columbia University...;Male;;
1123;Ben Stiller;1965-11-30;New York City;USA;67;Benjamin Edward Meara Stiller was born on November 30, 1965, in New York City, New York, to legendary comedians Jerry Stiller and Anne Meara. His father is of Austrian Jewish and Polish Jewish descent, and his mother was of Irish Catholic descent (she converted to Judaism). His parents made no real effort to keep their son away from the Hollywood ...;Male;White;200000000
2445;Ben Whishaw;1980-10-14;Clifton;UK;69;Proclaimed by many critics as one of the best young actors of his generation, Benjamin John Whishaw was born in Clifton, Bedfordshire, to Linda (Hope), who works in cosmetics, and Jose Whishaw, who works in information technology. He has a twin brother, James. He is of French, German, Russian (father) and English (mother) descent. Ben attended ...;Male;;2000000
2514;Benedict Cumberbatch;1976-07-19;Hammersmith;UK;72;Benedict Timothy Carlton Cumberbatch was born and raised in London, England. His parents, Wanda Ventham and Timothy Carlton (born Timothy Carlton Congdon Cumberbatch), are both actors. He is a grandson of submarine commander Henry Carlton Cumberbatch, and a great-grandson of diplomat Henry Arnold Cumberbatch CMG. Cumberbatch attended Brambletye ...;Male;White;40000000
1373;Benicio Del Toro;1967-02-19;San Germ�n;Puerto Rico;74;Benicio Del Toro emerged in the mid-1990s as one of the most watchable and charismatic character actors to come along in years. A favorite of film buffs, Del Toro gained mainstream public attention as the conflicted but basically honest Mexican policeman in Steven Soderberghs Traffic (2000). Benicio was born on February 19, 1967 in San Germ�n, ...;Male;Hispanic;45000000
673;Benjamin Bratt;1963-12-16;San Francisco;USA;73;The middle of five children, Bratt hails from a close-knit family. His mother, an indigenous Quechua Peruvian from Lima, moved to the U.S. at age 14. He grew up in San Francisco. He is known for his roles in the films Traffic (2000), Miss Congeniality (2000), and Despicable Me 2 (2013). He is married to actress Talisa Soto.;Male;;12000000
245;Benjamin Mouton;1965-03-13;Lafayette;USA;;Benjamin Mouton was born and raised in Lafayette, Louisiana. After receiving his degree in English from the University Of S.W. Louisiana, he went to New York to study acting at the respected American Academy of Dramatic Arts, where he received the prestigious Jehlinger Award in 1984. In 1997 he was nominated for Best Supporting Actor at the Lone ...;Male;White;
